id,xmax,ymax,zmax,xmin,ymin,zmin,length,height,width,area,space,wall,door,window
442128,-0.9549,-1.1704,12.6919,-1.217,-1.6947,12.0122,0.0,2.2,0.8,1.7600000000000002,0,0,1,0
3817743,-0.5145000000000001,-1.2528,13.6886,-0.9412,-1.5607,13.079,0.0,2.0,1.4,2.8000000000000003,0,0,1,0
3817858,-0.9548,-1.2528,13.6886,-1.3816,-1.5607,13.079,0.0,2.0,1.4,2.8000000000000003,0,0,1,0
